date,home,away,lambda,mu,p_home,p_draw,p_away,exp_pts_home,exp_pts_away,ml_home_goals,ml_away_goals
NA,Man City,Arsenal,1.1199722800602778,1.1309402218673377,0.3370828240331307,0.320366176103741,0.3425509998631277,1.3316146482031332,1.3480191756931241,1,1
NA,Leeds,Arsenal,0.8138357488633599,1.518770420711071,0.1861366122166283,0.28924366467028495,0.5246197231130861,0.8476535013201698,1.8631028340095432,1,1
NA,Hull,Arsenal,0.6817001585315984,0.936741723615083,0.23869012009552426,0.3778009383011079,0.3835089416033681,1.0938712985876806,1.5283277631112122,0,0
NA,Brighton,Arsenal,0.9574621177779353,1.5639375125940356,0.21641655897636702,0.28371354703784474,0.499869893985788,0.9329632239669459,1.7833232289952088,1,1
NA,Chelsea,Arsenal,0.966873182170062,1.6194515486871564,0.21081786479751527,0.2773925054819883,0.5117896297204965,0.9098460998745341,1.8127613946434777,1,1
NA,Brentford,Arsenal,0.9186971299983963,1.5966069941642007,0.20203698781714846,0.2800139382685775,0.5179490739142745,0.886124901720023,1.833861160011401,1,1
NA,Liverpool,Arsenal,1.0539485347293256,1.5074682739582763,0.24978123911971126,0.28842223722524163,0.461796523655047,1.0377659545843754,1.6738118081903826,1,1
NA,Everton,Arsenal,0.7063418602217555,1.4053358726499157,0.17301569606618283,0.3042299034076321,0.5227544005261846,0.8232769916061806,1.872493104986186,0,1
NA,Ipswich,Arsenal,0.6576633002055124,2.5599099406121493,0.06535555913944362,0.15846988750438926,0.776174553356167,0.3545365649227201,2.48699354757289,0,2
NA,Nott'm Forest,Arsenal,0.7879444272695614,1.446449401466654,0.18922059396229568,0.2987660921828285,0.5120133138548757,0.8664278740697156,1.8348060337474557,0,1
NA,Newcastle,Arsenal,0.9168467957410489,1.673520563880071,0.19122356622987144,0.2709663717745191,0.5378100619956097,0.8446370704641334,1.884396557761348,1,1
NA,Man United,Arsenal,0.9410597673118762,1.599452146051117,0.2072176212932716,0.2796969088847833,0.5130854698219451,0.901349772764598,1.8189533183506188,1,1
NA,Bournemouth,Arsenal,0.898614566976036,1.569264804081447,0.2007903702506256,0.28323737433917423,0.5159722554102002,0.8856084850910511,1.8311541405697749,1,1
NA,Crystal Palace,Arsenal,0.7196749089091207,1.7430117542711827,0.1369420021727776,0.25711563121345654,0.605942366613766,0.6679416377317893,2.0749427310547546,0,1
NA,Tottenham,Arsenal,0.7284488429927946,1.8031758032006389,0.13279760037923588,0.24959163647449145,0.617610763146273,0.647984437612199,2.1024239259133104,0,1
NA,Fulham,Arsenal,0.7334803994460556,1.5994694142076982,0.1559311756802954,0.27705000241935845,0.5670188219003459,0.7448435294602447,1.9781064681203961,0,1
NA,Coventry,Arsenal,0.3021333597429127,2.2643772519480794,0.030426367954968628,0.15205543723771756,0.8175181948073141,0.24333454110262343,2.60461002165966,0,2
NA,Arsenal,Man City,1.333094332214487,0.950136586952983,0.4391645039169448,0.3101780043258926,0.25065749175716273,1.627671516076727,1.0621504795973808,1,1
NA,Leeds,Man City,1.0383413610295131,1.6279531901614235,0.2272921730522421,0.27611895702862427,0.4965888699191338,0.9579954761853506,1.7658855667860256,1,1
NA,Hull,Man City,0.869754703467294,1.0040830770212856,0.28737165997233144,0.3530727421184373,0.3595555979092311,1.2151877220354317,1.4317395358461305,0,0
NA,Brighton,Man City,1.2215886558144542,1.6763672956236304,0.264876848651462,0.26877504959238163,0.46634810175615665,1.0634055955467676,1.6678193548608515,1,1
NA,Chelsea,Man City,1.2335958666347027,1.735872175969022,0.2584582799165842,0.26333996201201393,0.4782017580714017,1.0387148017617664,1.6979452362262188,1,1
NA,Brentford,Man City,1.1721299164711458,1.7113853510306944,0.24747059501077381,0.2664378816078188,0.48609152338140765,1.00884966664014,1.7247124517520418,1,1
NA,Liverpool,Man City,1.3446919203713281,1.6158385442538017,0.30506575758985327,0.2702495097934499,0.4246847326166968,1.1854467825630097,1.5443037076435404,1,1
NA,Everton,Man City,0.901194091705985,1.5063639546374537,0.2103742861581647,0.290807039370465,0.4988186744713705,0.921929897844959,1.7872630627845765,1,1
NA,Ipswich,Man City,0.8390870113389503,2.7439391085812384,0.08038135238686474,0.15537836692589133,0.7642402806872435,0.3965224240864855,2.448099208987622,0,2
NA,Nott'm Forest,Man City,1.005307631385534,1.550433090751302,0.23058067100807741,0.2847537745308826,0.48466555446103987,0.9764957875551148,1.7387504379140022,1,1
NA,Newcastle,Man City,1.1697691469991522,1.7938281544183396,0.23471455711062453,0.25877266216596717,0.5065127807234077,0.9629163334978408,1.7783110043361903,1,1
NA,Sunderland,Man City,0.8163687820613121,1.5623337994820383,0.18103071555623174,0.28359598372943084,0.5353733007143378,0.826688130398126,1.889715885872444,1,1
NA,Bournemouth,Man City,1.1465073558368628,1.6820775603572502,0.24572263858686966,0.26952683302952446,0.48475052838360594,1.0066947487901334,1.7237784181803422,1,1
NA,Tottenham,Man City,0.9293995307160017,1.9328041692226308,0.1627337724225986,0.24160605040233693,0.595660177175064,0.7298073676701328,2.028586581927529,1,1
NA,Fulham,Man City,0.9358190977884394,1.7144535473675786,0.19042931681432074,0.26642616845891787,0.5431445147267618,0.8377141189018801,1.8958597126392034,1,1
NA,Aston Villa,Man City,1.0603816981838088,1.6683179596497595,0.22679298493448363,0.27175137069917027,0.5014556443663466,0.9521303255026212,1.7761183037982102,1,1
NA,Coventry,Man City,0.3854801959806113,2.427160893291528,0.035669357483789244,0.14472751840820844,0.8196031241080021,0.2517355908595762,2.6035368907322147,0,2
NA,Arsenal,Leeds,1.7902486803784747,0.6904234457693368,0.6248108818414756,0.24943686885534092,0.12575224930318377,2.1238695143797677,0.6266936167648922,1,0
NA,Man City,Leeds,1.918947729466517,0.880884406181552,0.6045702931180374,0.24160366666663916,0.1538260402153232,2.0553145460207514,0.7030817873126087,1,1
NA,Hull,Leeds,1.1680172756782603,0.729624042895655,0.44654490731035734,0.33924777032908393,0.21420732236055892,1.678882492260156,0.9818697374107607,0,0
NA,Chelsea,Leeds,1.656629481497032,1.2613837479841783,0.45268120320939503,0.2695543731561863,0.27776442363441856,1.6275979827843714,1.102847644059442,1,1
NA,Brentford,Leeds,1.5740851832359153,1.2435902241034826,0.43592254393967067,0.2769706927993492,0.28710676326098,1.584738324618361,1.1382909825822891,1,1
NA,Liverpool,Leeds,1.8058233973295759,1.1741604637163858,0.5083579690302351,0.2576295149243533,0.2340125160454121,1.7827034220150586,0.9596670630605897,1,1
NA,Everton,Leeds,1.2102380862736557,1.0946099817909454,0.3707981417460127,0.3154398456567966,0.3137620125971909,1.4278342708948348,1.2567258834483692,1,1
NA,Ipswich,Leeds,1.1268327968035972,1.993902687616058,0.19815577497930167,0.23952844632262926,0.5623157786980687,0.8339957712605343,1.9264757824168355,1,1
NA,Newcastle,Leeds,1.5709148416255856,1.3034978680942497,0.42219171786986043,0.2751554623141913,0.3026528198159482,1.5417306159237727,1.1831139217620361,1,1
NA,Man United,Leeds,1.6124010709249177,1.2458063004989832,0.44509043065718107,0.2736882206462821,0.28122134869653664,1.6089595126178253,1.117352266735892,1,1
NA,Sunderland,Leeds,1.096323868063899,1.1352808639224272,0.3293335791940237,0.321840772795568,0.34882564801040905,1.3098415103776389,1.368317716826795,1,1
NA,Bournemouth,Leeds,1.5396759488291918,1.2222935115018372,0.43182394476473357,0.2805738393098591,0.28760221592540736,1.5760456736040598,1.143380487086081,1,1
NA,Crystal Palace,Leeds,1.2330827798084896,1.3576242532019007,0.3233392089927518,0.29491311320928504,0.38174767779796265,1.2649307401875405,1.440156146603173,1,1
NA,Tottenham,Leeds,1.2481159383858151,1.4044857685056853,0.31847995191634854,0.2904846671451982,0.391035380938453,1.2459245228942437,1.4635908099605572,1,1
NA,Fulham,Leeds,1.2567369498193732,1.2458197505908286,0.35179830537244927,0.3016045267082284,0.3465971679193221,1.3569994428255763,1.3413960304661947,1,1
NA,Aston Villa,Leeds,1.4240154578690511,1.2122950006947315,0.40387961442436543,0.2906593380022481,0.30546104757338627,1.5022981812753442,1.2070424807224067,1,1
NA,Coventry,Leeds,0.5176718522386541,1.7637135653906177,0.09115666636159532,0.24205634469087645,0.6667869889475277,0.5155263437756624,2.24241731153346,0,1
NA,Arsenal,Hull,1.1041831021256048,0.5783252616909947,0.4682596414457896,0.35435561775586527,0.17738474079834518,1.759134542093234,0.8865098401509008,0,0
NA,Man City,Hull,1.1835616358567997,0.7378626954894292,0.44914608449495946,0.33666473886054427,0.21418917664449683,1.6841029923454225,0.9792322687940348,0,0
NA,Leeds,Hull,0.8600434023167254,0.9908959065980941,0.2869324687764982,0.3554671000289352,0.35760043119456736,1.2162645063584296,1.4282683936126372,0,0
NA,Brighton,Hull,1.0118245340207692,1.0203644068068456,0.32826425139387977,0.339027839852808,0.33270790875331235,1.3238205940344472,1.337151566112745,1,1
NA,Brentford,Hull,0.9708585626595398,1.0416790539168428,0.3112409342642454,0.34052826201960923,0.34823080371614523,1.2742510648123453,1.385220673168045,1,1
NA,Liverpool,Hull,1.1137892196813843,0.983522013348401,0.36731550312600775,0.3322178324571945,0.3004666644167978,1.4341643418352177,1.2336178257075878,1,1
NA,Everton,Hull,0.746446266967609,0.9168874667392388,0.26439516417417214,0.3752578209256531,0.3603470149001753,1.1684433134481695,1.456298865626179,0,0
NA,Ipswich,Hull,0.695003854374257,1.670169662788626,0.13889441390470378,0.26598544563803206,0.5951201404572634,0.6826686873521434,2.051345867009822,0,1
NA,Nott'm Forest,Hull,0.8326820332135533,0.9437112887302118,0.28767405841840493,0.36368322686483645,0.348642714716758,1.2267054021200512,1.4096113710151104,0,0
NA,Newcastle,Hull,0.9689031708346724,1.0918600031597314,0.3004458851983432,0.33554324037981287,0.36401087442184366,1.2368808959748425,1.4275758636453437,1,1
NA,Man United,Hull,0.9944908972021324,1.0435353248317552,0.3180794095297487,0.3383543896123387,0.3435662008579126,1.2925926182015848,1.3690529921860766,1,1
NA,Sunderland,Hull,0.6761866677188214,0.9509549635718291,0.23422902326922407,0.37592968912990604,0.38984128760086967,1.0786167589375781,1.545453551932515,0,0
NA,Bournemouth,Hull,0.9496357595901078,1.0238401074500405,0.30839085341767813,0.34414890139407595,0.34746024518824614,1.2693214616471105,1.3865296369588145,0,0
NA,Crystal Palace,Hull,0.7605363343704621,1.1371983473651333,0.22867568673171712,0.34252546435179326,0.42879884891648956,1.0285525245469447,1.628922011101262,0,0
NA,Tottenham,Hull,0.7698084315123787,1.1764513569020545,0.22491747442821475,0.3365490020457749,0.43853352352601055,1.0113014253304191,1.6521495726238065,0,0
NA,Fulham,Hull,0.7751256677446959,1.0435465911465565,0.24971175289977857,0.3550005715171295,0.39528767558309175,1.1041358302164652,1.5408635982664047,0,0
NA,Aston Villa,Hull,0.8782991005541466,1.01546496982331,0.28779212280903194,0.3510238318295113,0.36118404536145676,1.2144002002566072,1.4345759679138816,0,0
NA,Arsenal,Brighton,1.8434893318537338,0.8122699149958788,0.6049446674080845,0.24804459574540608,0.14701073684650956,2.0628785979696596,0.6890768062849347,2,0
NA,Man City,Brighton,1.976015794022871,1.036343574533433,0.5794819102810194,0.23972133479372829,0.18079675492525227,1.9781670656367865,0.7821115995694851,1,1
NA,Leeds,Brighton,1.435885800144873,1.391734007034006,0.369684977695668,0.2805662441876918,0.3497487781166402,1.3896211772746958,1.3298125785376125,1,1
NA,Hull,Brighton,1.2027532324048538,0.8583886641355482,0.4238860901586858,0.32935273323462805,0.24676117660668676,1.6010110037106853,1.0696362630546883,1,1
NA,Brentford,Brighton,1.6208972946210862,1.4630599986312107,0.40160278464417004,0.26529560597990154,0.3331016093759289,1.4701039599124117,1.2646004341076882,1,1
NA,Liverpool,Brighton,1.8595272291920668,1.3813772198765442,0.47531945060901754,0.2507651985649529,0.27391535082602964,1.6767235503920055,1.0725112510430417,1,1
NA,Everton,Brighton,1.246229658204187,1.2877876067378178,0.34047712403382857,0.2993552890782641,0.36016758688790707,1.3207866611797499,1.3798580497419852,1,1
NA,Ipswich,Brighton,1.160343958053457,2.3457881920206933,0.16490341477467638,0.20752909070541353,0.6275674945199103,0.7022393350294427,2.0902315742651445,1,2
NA,Nott'm Forest,Brighton,1.390204615611701,1.3254622252470707,0.37121328950169435,0.28733071203128263,0.3414559984670233,1.4009705805363657,1.3116987074323525,1,1
NA,Newcastle,Brighton,1.6176326694318421,1.533540190447062,0.3868979216602429,0.2623725331313199,0.35072954520843674,1.4230662981120488,1.3145611687566303,1,1
NA,Man United,Brighton,1.6603526680389564,1.4656671699206967,0.41064737920526273,0.2626444433355055,0.3267081774592324,1.4945865809512937,1.2427689757132028,1,1
NA,Sunderland,Brighton,1.1289277166818787,1.335636117929286,0.2993922446830379,0.30226713031421193,0.3983406250027501,1.2004438643633255,1.4972890053224621,1,1
NA,Bournemouth,Brighton,1.5854647554206447,1.43800482554775,0.3979583400670938,0.26865930525175746,0.33338235468114863,1.4625343254530387,1.2688063692952032,1,1
NA,Crystal Palace,Brighton,1.2697537357709028,1.597218842294459,0.2897181309094428,0.27422411944365055,0.43605774964690724,1.143378512171979,1.5823973683843724,1,1
NA,Tottenham,Brighton,1.2852339691960748,1.6523505144380206,0.28430006296636035,0.2692739741787348,0.44642596285490493,1.122174163077816,1.6085518627434494,1,1
NA,Fulham,Brighton,1.2941113630362386,1.4656829936952611,0.31910584019443106,0.28356897623635335,0.39732518356921503,1.2408864968196465,1.4755445269439984,1,1
NA,Aston Villa,Brighton,1.4663646083076145,1.426241769740276,0.37059052158007977,0.2767542536843623,0.3526552247355577,1.3885258184246017,1.3347199278910356,1,1
NA,Man City,Chelsea,2.0461570952108024,1.046529978706724,0.5923674504121489,0.23281281290371986,0.17481973668413106,2.0099151641401667,0.757272022956113,1,1
NA,Leeds,Chelsea,1.4868544708832758,1.4054136065854812,0.3799077302018143,0.27658399351934787,0.34350827627883757,1.4163071841247907,1.3071088223558607,1,1
NA,Hull,Chelsea,1.2454465534724535,0.8668259180400676,0.43445709374394537,0.32364293075692524,0.2418999754991293,1.6270142119887614,1.049342857254313,1,1
NA,Brighton,Chelsea,1.749255709776533,1.4472095519348087,0.4356853171640416,0.25730098924780276,0.3070136935881562,1.5643569407399274,1.1783420700122713,1,1
NA,Brentford,Chelsea,1.6784331937169437,1.4774406739613406,0.4126304489955378,0.26101988228547224,0.32634966871898924,1.4989112292720859,1.24006888844244,1,1
NA,Liverpool,Chelsea,1.9255336142849637,1.3949550207364318,0.4875791730446807,0.24549059387678238,0.266930233078537,1.7082281130108246,1.0462812931123935,1,1
NA,Everton,Chelsea,1.2904662326636827,1.3004454987477063,0.34986862212038816,0.29557968278741703,0.35455169509219464,1.3451855491485816,1.359234768064001,1,1
NA,Ipswich,Chelsea,1.2015319056850544,2.36884535879052,0.17026561711347976,0.2067180815796953,0.623016301306825,0.7175149329201346,2.07576698550017,1,2
NA,Nott'm Forest,Chelsea,1.4395517721230138,1.3384904277414746,0.38137359443337354,0.2832289873548853,0.3353974182117414,1.4273497706550058,1.2894212419901094,1,1
NA,Newcastle,Chelsea,1.675052686327083,1.5486136280402962,0.3977153143401436,0.25837783871097686,0.3439068469488791,1.451523781731408,1.2900983795576142,1,1
NA,Man United,Chelsea,1.7192890879397364,1.4800734715982622,0.42186612192309,0.258261574651755,0.31987230342515566,1.523859940421025,1.217878484927222,1,1
NA,Sunderland,Chelsea,1.1690005031619803,1.3487643214131526,0.3078151246319431,0.29907120784566654,0.39311366752239,1.2225165817414958,1.4784122104128365,1,1
NA,Bournemouth,Chelsea,1.641742929547183,1.4521392291530084,0.408871192278814,0.2643921233735091,0.3267366843476775,1.4910057002099513,1.2446021764165416,1,1
NA,Crystal Palace,Chelsea,1.3148253285611053,1.6129181886122395,0.2982098882329717,0.27150131023601,0.4302888015310187,1.1661309749349251,1.5623677148290662,1,1
NA,Tottenham,Chelsea,1.3308550534014871,1.6685917597061144,0.29271048823890816,0.26668080863969446,0.4406087031213976,1.1448122733564188,1.5885069180038873,1,1
NA,Aston Villa,Chelsea,1.5184151647625477,1.4402605521908205,0.3808844182655822,0.27281096224559936,0.34630461948881863,1.4154642170423462,1.3117248207120553,1,1
NA,Coventry,Chelsea,0.5519889453911894,2.0953704107830293,0.07499922031437749,0.20001704926293473,0.7249837304226877,0.4250147102060672,2.3749682405309978,0,2
NA,Arsenal,Brentford,1.881998441243851,0.77938335714273,0.6220897164075934,0.2419583089657365,0.13595197462667025,2.1082274581885168,0.6498142328457472,2,0
NA,Man City,Brentford,2.017293281803128,0.9943848951702985,0.59846924934595,0.2343897262980069,0.16714102435604355,2.029797474335857,0.7358127993661375,1,1
NA,Hull,Brentford,1.2278778452765873,0.8236348859364331,0.4401807123501526,0.32751146625797334,0.23230782139187345,1.6480536033084312,1.0244349304335936,1,1
NA,Brighton,Brentford,1.7245800919916252,1.3750999473216556,0.4448053528476251,0.26115724181731376,0.29403740533506106,1.5955733003601893,1.143269457822497,1,1
NA,Chelsea,Brentford,1.7415312945444528,1.423910943600302,0.43865826835035915,0.25853439535122885,0.30280733629841233,1.5745092004023065,1.166956404246466,1,1
NA,Liverpool,Brentford,1.8983713582279818,1.32544908438882,0.49628929118124854,0.24842403032586385,0.25528667849288783,1.7372919038696095,1.0142840658045273,1,1
NA,Everton,Brentford,1.272262461000358,1.2356486553256307,0.3581255131998687,0.30117532298602745,0.34069916381410464,1.3755518625856336,1.3232728144283414,1,1
NA,Ipswich,Brentford,1.1845826729940583,2.250813728897172,0.17978563850884405,0.21672356600141088,0.6034907954897452,0.7560804815279429,2.0271959524706467,1,2
NA,Nott'm Forest,Brentford,1.4192449472763295,1.271797932937325,0.38992066018811644,0.28815145104747875,0.3219278887644052,1.457913431611828,1.2539351173406943,1,1
NA,Newcastle,Brentford,1.6514238025530403,1.4714513979629504,0.4073264804029665,0.26299399960713093,0.3296795199899021,1.4849734408160302,1.2520325595768371,1,1
NA,Man United,Brentford,1.6950361898879227,1.4063263679444196,0.43115971187004254,0.2623858115441204,0.30645447658583697,1.555864947154248,1.1817492413016313,1,1
NA,Sunderland,Brentford,1.1525101699047147,1.281559912899263,0.3160766140327009,0.3056688372604231,0.3782545487068762,1.2538986793585256,1.4404324833810516,1,1
NA,Crystal Palace,Brentford,1.2962779389026577,1.5325518776666696,0.30758474520717005,0.2783962829326831,0.4140189718601466,1.2011505185541933,1.5204531985131229,1,1
NA,Tottenham,Brentford,1.3120815427927703,1.5854514211889228,0.3022644945611437,0.2737196778401783,0.42401582759867756,1.1805131615236093,1.545767160636211,1,1
NA,Fulham,Brentford,1.3211443787315582,1.4063415510582036,0.337228147841097,0.2864646334541929,0.3763072187047101,1.298149076977484,1.4153862895683234,1,1
NA,Aston Villa,Brentford,1.4969958650940762,1.3684971929595653,0.38994027520120267,0.27776614804291977,0.3322935767558784,1.4475869736465277,1.2746468783105551,1,1
NA,Coventry,Brentford,0.5442023947103245,1.9909651215575261,0.08024997698362613,0.21262158045829102,0.7071284425580828,0.4533715114091694,2.33400690813254,0,2
NA,Arsenal,Liverpool,1.7769262894274045,0.8941248649099807,0.5686267955819948,0.25847354221266694,0.1728996622053378,1.9643539289586514,0.7771725288286804,1,1
NA,Man City,Liverpool,1.9046676061815124,1.1407791196904464,0.5390320007941191,0.24824927786696221,0.21271872133891878,1.8653452802493193,0.8864054418837186,1,1
NA,Leeds,Liverpool,1.3840401367157829,1.5319833445219009,0.3297563097553991,0.27464534283281383,0.3955983474117869,1.263914272099011,1.4614403850681743,1,1
NA,Hull,Liverpool,1.159325308492506,0.9448911429451993,0.38990304907795176,0.32993170184422105,0.2801652490778281,1.4996408490780762,1.1704274490777054,1,1
NA,Brighton,Liverpool,1.6282966215730188,1.577543378837552,0.38097524199107036,0.2597135026593947,0.35931125534953473,1.4026392286326057,1.3376472687079988,1,1
NA,Chelsea,Liverpool,1.6443014368764899,1.6335403731969962,0.3741811488179315,0.25618553005059147,0.36963332113147657,1.3787289765043862,1.3650854934450212,1,1
NA,Brentford,Liverpool,1.562371403786614,1.610497076748146,0.3589762132151006,0.26140885020694654,0.3796149365779531,1.3383374898522482,1.4002536599408058,1,1
NA,Everton,Liverpool,1.2012319269026548,1.4175619441882696,0.3037249706991825,0.29170409175424483,0.40457093754657336,1.2028790038517923,1.505416904393965,1,1
NA,Nott'm Forest,Liverpool,1.3400083670024454,1.4590331504501584,0.33212022355832554,0.2817998566383259,0.386079919803348,1.2781605273133025,1.44003961604837,1,1
NA,Man United,Liverpool,1.6004021583312522,1.6133669807467699,0.3675411177959579,0.2593894171777367,0.3730694650263054,1.3620127705656102,1.378597812256653,1,1
NA,Sunderland,Liverpool,1.0881654175986546,1.47023229774363,0.2647931016663347,0.291253124431062,0.4439537739026034,1.085632429430066,1.6231144461388722,1,1
NA,Bournemouth,Liverpool,1.5282182306065335,1.5829170164320387,0.3558639508739596,0.26460651075463665,0.379529538371403,1.3321983633765155,1.4031951258688458,1,1
NA,Crystal Palace,Liverpool,1.223906618391536,1.7581755217481552,0.2527407191869966,0.26151629491998785,0.4857429858930153,1.0197384524809776,1.7187452525990337,1,1
NA,Tottenham,Liverpool,1.238827905574685,1.8188629828956895,0.24715725743273145,0.2559901709031798,0.4968525716640883,0.9974619432013743,1.7465478858954446,1,1
NA,Fulham,Liverpool,1.2473847625217906,1.6133843991320058,0.281449129449848,0.27356042599109615,0.4449904445590565,1.1179078143406402,1.6085317596682658,1,1
NA,Aston Villa,Liverpool,1.413418443689944,1.5699685611333596,0.3301389443705889,0.2707624844905071,0.3990985711389034,1.2611793176022736,1.4680581979072174,1,1
NA,Coventry,Liverpool,0.5138195232993974,2.2840767692029376,0.05857348292106079,0.1740894292777136,0.7673370878012253,0.34980987804089597,2.4761006926813898,0,2
NA,Arsenal,Everton,1.6565378527204444,0.5992302276061684,0.6184735101397155,0.26340544532023946,0.11812104454004477,2.118825975739386,0.6177685789403737,1,0
NA,Man City,Everton,1.7756245744480634,0.7645345279703115,0.6016858406477509,0.2546935524762694,0.14362060687597955,2.059751074419522,0.6855553731042081,1,0
NA,Leeds,Everton,1.2902701084426391,1.0267142367404603,0.40887473345341435,0.31163473192731544,0.2794905346192704,1.5382589322875584,1.1501063357851267,1,1
NA,Hull,Everton,1.0807799223644174,0.633253091230283,0.44503422069961535,0.3567067621342432,0.19825901716614133,1.6918094242330892,0.9514838136326671,0,0
NA,Brighton,Everton,1.517977985435575,1.0572479471920322,0.4637786803205991,0.2872700974026795,0.2489512222767213,1.678606138364477,1.0341237642328434,1,1
NA,Chelsea,Everton,1.5328984593650494,1.0947763651928553,0.4588897023768373,0.2849107009686633,0.2561995966544995,1.6615798080991753,1.0535094909321618,1,1
NA,Brentford,Everton,1.4565192635055788,1.0793330637953136,0.4423501785738822,0.29287666900542414,0.2647731524206944,1.6199272047270707,1.0871961262675072,1,1
NA,Liverpool,Everton,1.670949318824389,1.0190737962771863,0.5120008889410921,0.27164928447568876,0.21634982658321916,1.807651951298965,0.9206987642253464,1,1
NA,Ipswich,Everton,1.0426714467385498,1.7305419864375429,0.21368004901546678,0.2653276894580917,0.5209922615264417,0.906367836504492,1.828304474037417,1,1
NA,Nott'm Forest,Everton,1.2492215327721663,0.9778240166905732,0.4085712238620348,0.31831390502621404,0.27311487111175176,1.5440275766123184,1.1376585183614694,1,1
NA,Newcastle,Everton,1.453585709669664,1.1313279248677606,0.42965417874093637,0.2914049462354808,0.27894087502358295,1.5803674824582898,1.1282275713062297,1,1
NA,Man United,Everton,1.4919733984607289,1.0812564341139286,0.45131202029737355,0.2893045636956067,0.25938341600701986,1.6432406245877273,1.0674548117166662,1,1
NA,Sunderland,Everton,1.0144411813809033,0.9853295316863311,0.33663881253731615,0.3419704867934488,0.32139070066923514,1.3518869244053973,1.3061425888011542,0,0
NA,Crystal Palace,Everton,1.1409857874374625,1.1783051332263432,0.3333420474890101,0.3149462306737643,0.3517117218372259,1.3149723731407945,1.370081396185442,1,1
NA,Fulham,Everton,1.16287326509751,1.0812681076769386,0.3600837587010031,0.3205571615401329,0.31935907975886446,1.4008084376431422,1.2786344008167263,1,1
NA,Aston Villa,Everton,1.317658007333606,1.0521714082039173,0.4106984870491056,0.30768362552819256,0.28161788742270194,1.5397790866755094,1.1525372877962983,1,1
NA,Coventry,Everton,0.47900776463074557,1.5307569401028076,0.10144001788820958,0.27616103306786405,0.622398949043926,0.5804810867324928,2.143357880199642,0,1
NA,Arsenal,Ipswich,3.017490550627784,0.5579334190198614,0.853196823851319,0.1108241747645882,0.035979001384092775,2.670414646318545,0.21876117891686653,3,0
NA,Man City,Ipswich,3.2344146957224464,0.7118455369870945,0.8481046919782023,0.1080975135083557,0.043797794513442914,2.6524115894429627,0.23949089704868445,3,0
NA,Leeds,Ipswich,2.350310229005187,0.9559567559690236,0.6741054098324912,0.19897283985999675,0.1269217503075121,2.22128906935747,0.5797380907825331,2,0
NA,Hull,Ipswich,1.9687103422883407,0.5896115483133064,0.6905020570965613,0.21926890676922828,0.09022903613421024,2.2907750780589122,0.489956015171859,2,0
NA,Brighton,Ipswich,2.7650948148215027,0.9843861920735129,0.7375169532084614,0.16272060682441697,0.09976243996712192,2.3752714664498016,0.4620079267257827,2,0
NA,Chelsea,Ipswich,2.792273420501499,1.0193282854476258,0.734530774201573,0.16243096149720856,0.10303826430121832,2.3660232841019275,0.47154575440086355,2,1
NA,Brentford,Ipswich,2.653143788545304,1.0049492812640326,0.7157063085920894,0.17347004342847167,0.11082364797943947,2.3205889692047394,0.5059409873667902,2,1
NA,Liverpool,Ipswich,3.0437419657209728,0.9488428673931394,0.783617945281463,0.138306104812982,0.07807594990555489,2.489159940657371,0.37253395452964666,3,0
NA,Everton,Ipswich,2.03987414115483,0.8845578657216189,0.6298067121106476,0.2280933192637299,0.14209996862562244,2.117513455595673,0.6543932251405972,2,0
NA,Nott'm Forest,Ipswich,2.275537600659287,0.9104358753918935,0.6706170908032735,0.20418468054975425,0.12519822864697197,2.216035952959575,0.5797793664906702,2,0
NA,Newcastle,Ipswich,2.6478001310097437,1.0533608420851581,0.7046598158141519,0.17645066114538954,0.11888952304045838,2.2904301085878456,0.5331192302667647,2,1
NA,Sunderland,Ipswich,1.8478700465295939,0.9174241370819234,0.5793887389802396,0.2508258746832698,0.16978538633649054,1.9889920916239885,0.7601820336927414,1,1
NA,Bournemouth,Ipswich,2.595146516538002,0.9877393389474314,0.7098738623593597,0.1776677981002055,0.1124583395404359,2.3072893851782843,0.5150428167215132,2,0
NA,Tottenham,Ipswich,2.103717819454514,1.1349694909533972,0.5842347038142193,0.22918074012304804,0.18658455606273336,1.981884851565706,0.7889344083112481,1,1
NA,Fulham,Ipswich,2.118248661355269,1.0067509688276612,0.6169124555926743,0.22433738246667612,0.15875016194064978,2.075074749244699,0.7005878682886255,1,1
NA,Aston Villa,Ipswich,2.400199053440634,0.9796595100338876,0.6778771484674684,0.19530127710890502,0.12682157442362682,2.2289327225113102,0.5757660003797854,2,0
NA,Coventry,Ipswich,0.8725435407810971,1.4252626351841085,0.21479943492786993,0.301015805499419,0.48418475957271134,0.9454141102830288,1.753570084217553,1,1
NA,Arsenal,Nott'm Forest,1.705000371943994,0.6684583557677256,0.6108168847225057,0.2599781408782238,0.12920497439927028,2.092428795045741,0.6475930640760347,1,0
NA,Man City,Nott'm Forest,1.8275710119723727,0.8528600026341994,0.5909212772499612,0.25137287636985106,0.1577058463801874,2.024136708119735,0.7244904155104133,1,1
NA,Leeds,Nott'm Forest,1.3280173532950783,1.1453289218679237,0.3926296218517806,0.3020928441829784,0.30527753396524143,1.47998170973832,1.2179254460787028,1,1
NA,Hull,Nott'm Forest,1.1123984680426797,0.7064118274534571,0.43527592846160434,0.3485794850229524,0.21614458651544305,1.6544072704077655,0.9970132445692816,0,0
NA,Brighton,Nott'm Forest,1.562386893556379,1.1793901439886476,0.4471715343093622,0.27992566930231916,0.27290279638831894,1.6214402722304058,1.098634058467276,1,1
NA,Chelsea,Nott'm Forest,1.5777438704932818,1.2212541612489407,0.44175943872100215,0.27735556147672846,0.28088499980226933,1.6026338776397349,1.1200105608835365,1,1
NA,Brentford,Nott'm Forest,1.4991301780048691,1.2040267194673977,0.4253818393359269,0.28468188841717496,0.289936272246898,1.5608274064249557,1.154490705157869,1,1
NA,Everton,Nott'm Forest,1.1526088022593246,1.0597861256284293,0.3617932027832397,0.3230117173884356,0.31519507982832445,1.4083913257381546,1.268596956873409,1,1
NA,Ipswich,Nott'm Forest,1.0731751173600386,1.9304687873678716,0.19435744952521392,0.245018486723551,0.5606240637512353,0.8280908352991927,1.926890677977257,1,1
NA,Newcastle,Nott'm Forest,1.4961108021583478,1.2620284652733555,0.4119936264666503,0.2826477856827818,0.3053585878505683,1.5186286650827325,1.1987235492344868,1,1
NA,Man United,Nott'm Forest,1.5356215344723418,1.2061722937416628,0.43433767452294086,0.2814637697357588,0.28419855574130015,1.5844767933045816,1.1340594369596593,1,1
NA,Sunderland,Nott'm Forest,1.0441189669944921,1.0991631067605507,0.32145926759636717,0.3290703840960706,0.3494703483075621,1.293448186885172,1.377481429018757,1,1
NA,Bournemouth,Nott'm Forest,1.4663594472651775,1.183407539200293,0.4213732269244304,0.2882974829495154,0.29032929012605424,1.5524171637228066,1.1592853533276781,1,1
NA,Crystal Palace,Nott'm Forest,1.174365674028449,1.3144328768187865,0.31575468643279836,0.3016575932273718,0.38258772033983024,1.248921652525767,1.4494207542468625,1,1
NA,Tottenham,Nott'm Forest,1.188682981588432,1.3598035426915926,0.3110475204378646,0.2971231630998864,0.3918293164622482,1.23026572441348,1.4726111124866312,1,1
NA,Fulham,Nott'm Forest,1.196893476511206,1.2061853159330946,0.3433865551888511,0.3087218913317069,0.347891553479442,1.3388815568982602,1.352396551770033,1,1
NA,Coventry,Nott'm Forest,0.49302128262161066,1.7076028880399965,0.09022908153001889,0.24858818986063022,0.6611827286093515,0.5192754344506869,2.2321363756886847,0,1
NA,Arsenal,Newcastle,1.9726602126408523,0.7778136126880694,0.6422144772455812,0.23087905511230192,0.1269064676421167,2.1575224868490457,0.611598458038652,2,0
NA,Man City,Newcastle,2.114472630280518,0.9923821193082191,0.6195061926043418,0.22423693357828756,0.1562568738173699,2.082755511391313,0.6930075550303973,1,1
NA,Hull,Newcastle,1.2870285746673797,0.82197601513426,0.4580518131434603,0.3197404297757378,0.22220775708080112,1.6938958692061186,0.9863637010181412,1,1
NA,Brighton,Newcastle,1.8076585274618622,1.3723303789223178,0.46513861166162157,0.2549203115476817,0.27994107679069663,1.6503361465325463,1.0947435419197715,1,1
NA,Chelsea,Newcastle,1.825426322641479,1.4210430656976463,0.45902925999403904,0.2525530901751606,0.2884176498307999,1.6296408701572775,1.1178060396675602,1,1
NA,Brentford,Newcastle,1.7344714431631487,1.4009973311894945,0.4417413207383068,0.25970290080821185,0.29855577845348147,1.5849268630231323,1.1553702361686562,1,1
NA,Liverpool,Newcastle,1.9898218644210313,1.3227795170557657,0.5175640026405331,0.24092109105780216,0.24151490630166436,1.7936130989794015,0.9654658099627952,1,1
NA,Everton,Newcastle,1.3335513366276759,1.2331599537042397,0.3752634709565196,0.2967577138036184,0.3279788152398618,1.4225481266731772,1.2806941595232038,1,1
NA,Ipswich,Newcastle,1.24164773805801,2.2462803983647324,0.1916148227502486,0.21837124290490598,0.5900139343448451,0.7932157111556518,1.9884130459394413,1,1
NA,Nott'm Forest,Newcastle,1.4876144305588312,1.269236423592301,0.40825916495815184,0.28301218107427356,0.3087286539675742,1.5077896759487293,1.2091981429769962,1,1
NA,Man United,Newcastle,1.7766914028729535,1.403493906874662,0.45125827176961864,0.25654398974011217,0.29219773849026887,1.6103188050489683,1.1331372052109188,1,1
NA,Sunderland,Newcastle,1.2080302018381959,1.2789787420952519,0.33182582227983004,0.3024631626442554,0.3657110150759145,1.2979406294837454,1.399596207871999,1,1
NA,Bournemouth,Newcastle,1.6965561923907109,1.3770049927650556,0.4376480473453295,0.2631883434204296,0.29916360923424073,1.5761324854564183,1.1606791711231519,1,1
NA,Crystal Palace,Newcastle,1.35872371547094,1.5294651876707905,0.32387024091202077,0.27596845227783334,0.4001613068101457,1.2475791750138956,1.4764523727082706,1,1
NA,Fulham,Newcastle,1.3847880497474763,1.403509059408362,0.3542474196262891,0.2829987825399787,0.3627537978337323,1.345741041418846,1.3712601760411756,1,1
NA,Aston Villa,Newcastle,1.5691108541020984,1.3657409230698125,0.4086624947218799,0.2728562446686742,0.31848126060944604,1.4988437288343137,1.2283000264970123,1,1
NA,Coventry,Newcastle,0.5704183319936302,1.986955148249339,0.08534311630714028,0.21535645187254063,0.699300431820319,0.4713858007939614,2.3132577473334974,0,2
NA,Arsenal,Man United,1.8853521603718832,0.7983548623045843,0.6179546603880386,0.2423820565242894,0.13966328308767176,2.096246037688405,0.6613719057873046,2,0
NA,Man City,Man United,2.020888096186482,1.018589900317898,0.593497365947116,0.2346771202189292,0.17182551383395472,2.015169218060277,0.7501536617207933,1,1
NA,Leeds,Man United,1.4684925746916324,1.3678921144775853,0.3828106526090046,0.2797263325911379,0.3374630147998571,1.4281582904181516,1.2921153769907092,1,1
NA,Brighton,Man United,1.727653291796463,1.408572198826124,0.438530832389102,0.25997775330648754,0.3014914143044106,1.5755702504737936,1.1644519962197193,1,1
NA,Chelsea,Man United,1.7446347013733767,1.4585713370626001,0.43225970277103504,0.2572709176622474,0.3104693795667178,1.5540500259753525,1.1886790563624008,1,1
NA,Brentford,Man United,1.657705397775132,1.4379962155270662,0.41561537053248443,0.2638753049791902,0.3205093244883252,1.5107214165766434,1.2254032784441657,1,1
NA,Liverpool,Man United,1.90175425387586,1.3577127501648554,0.49010236987543526,0.2478034517686704,0.26209417835589466,1.7181105613949763,1.0340859868363543,1,1
NA,Ipswich,Man United,1.1866935979991449,2.305602330533074,0.17418282698711002,0.21187842032591944,0.6139387526869711,0.7344269012872495,2.0536946783868326,1,2
NA,Nott'm Forest,Man United,1.4217740401930579,1.302755639216826,0.3841189417599569,0.2863651072148381,0.3295159510252049,1.438721932494709,1.274912960290453,1,1
NA,Newcastle,Man United,1.654366637931506,1.507269006250369,0.40089549858177526,0.26134692737248927,0.3377575740457356,1.4640334231178151,1.274619649509696,1,1
NA,Sunderland,Man United,1.154563941744986,1.3127552422323492,0.3106727678131501,0.3029082045241627,0.386419027662688,1.2349265079636131,1.4621652875122266,1,1
NA,Bournemouth,Man United,1.62146823969956,1.4133702643650496,0.4118096920692745,0.26728251344830095,0.3209077944824246,1.5027115896561245,1.230005896895575,1,1
NA,Crystal Palace,Man United,1.2985879047473003,1.5698567746618437,0.301609770851933,0.27541817646049993,0.42297205268756694,1.180247489016299,1.5443343345232008,1,1
NA,Tottenham,Man United,1.314419670641959,1.6240439822762214,0.29621092009613714,0.2706500993787252,0.43313898052513716,1.1592828596671367,1.5700670409541368,1,1
NA,Fulham,Man United,1.323498656544305,1.4405742758793276,0.33134289974386905,0.2839415474448734,0.38471555281125736,1.2779702466764806,1.4380882058786455,1,1
NA,Aston Villa,Man United,1.4996635100598354,1.401808722288849,0.3838637713210612,0.2759411005397252,0.3401951281392142,1.427532414502909,1.2965264849573679,1,1
NA,Coventry,Man United,0.5451721627721167,2.0394285699164616,0.07729489513062127,0.20644384882515393,0.716261256044225,0.43832853421701773,2.3552276169578286,0,2
NA,Arsenal,Sunderland,1.7180874976854021,0.5428274059798984,0.6491778465793095,0.2507109785849933,0.10011117483569641,2.198244518322922,0.5510445030920825,1,0
NA,Man City,Sunderland,1.841598957085232,0.6925723628096866,0.6358629512968441,0.24276282686890654,0.12137422183424974,2.1503516807594387,0.6068854923716558,2,0
NA,Leeds,Sunderland,1.3382108584551555,0.9300742855361228,0.4455118922251927,0.3102494472768836,0.24423866049792428,1.6467851239524618,1.0429654287706565,1,1
NA,Hull,Sunderland,1.1209369404473664,0.5736478518690601,0.47506056814739156,0.3514118836832194,0.17352754816938945,1.776593588125394,0.8719945281913878,0,0
NA,Brighton,Sunderland,1.5743793564726114,0.9577339964048166,0.50250492782444,0.28252366523171785,0.21497140694384226,1.7900384487050378,0.9274378860632446,1,1
NA,Chelsea,Sunderland,1.589854209447249,0.9917300347477033,0.4981463195144107,0.28058115558213664,0.2212725249034532,1.7750201141253688,0.9443987302924963,1,1
NA,Liverpool,Sunderland,1.733034430347304,0.923153005056346,0.5508228106251187,0.26412031184690965,0.1850568775279719,1.916588743722266,0.8192909444308253,1,1
NA,Everton,Sunderland,1.1614559184089963,0.8606085158553457,0.4108723809425644,0.334431054473644,0.25469656458379075,1.567048197301337,1.0985207482250163,0,0
NA,Nott'm Forest,Sunderland,1.2956370986455545,0.8857858800037691,0.4443389482886239,0.31675571145876874,0.2389053402526069,1.6497725563246404,1.0334717322165894,1,1
NA,Newcastle,Sunderland,1.5075945475657468,1.0248411620052698,0.46874504793067723,0.2890307653377694,0.24222418673155335,1.6952659091298012,1.0157033255324295,1,1
NA,Man United,Sunderland,1.5474085536680855,0.979482673418955,0.49015916158693157,0.2853904721428192,0.22445036627024897,1.755867956903614,0.9587415709535662,1,1
NA,Bournemouth,Sunderland,1.4776148292488078,0.9609963570331446,0.4762491347313238,0.2934861018636624,0.23026476340501395,1.7222335060576337,0.9842803920787043,1,1
NA,Crystal Palace,Sunderland,1.1833797900927643,1.0673966189543245,0.3690626669720992,0.31966511899782396,0.3112722140300766,1.4268531199141214,1.2534817610880538,1,1
NA,Tottenham,Sunderland,1.1978069934670823,1.10424026171952,0.3651462854059452,0.3158949061361394,0.3189588084579159,1.4113337623539748,1.2727713315098872,1,1
NA,Fulham,Sunderland,1.206080509947635,0.9794932482024612,0.39563050393117277,0.3228454217021345,0.2815240743666929,1.509736933495653,1.1674176448022133,1,1
NA,Aston Villa,Sunderland,1.366616370949281,0.9531352889910021,0.4478381906668724,0.3062738120080179,0.2458879973251102,1.6497883840086351,1.0439378039833485,1,1
NA,Coventry,Sunderland,0.4968055818071309,1.3866737369060924,0.11940187373203333,0.30222472403853073,0.5783734022294357,0.6604303452346307,2.037344930726838,0,1
NA,Arsenal,Bournemouth,1.8497688698439883,0.7623461695024193,0.6192908462091683,0.24519476000255783,0.13551439378827368,2.1030672986300627,0.6517379413673788,2,0
NA,Leeds,Bournemouth,1.4407769048970822,1.3061952309707427,0.3883485136640182,0.28481333192209407,0.32683815441388775,1.4498588729141486,1.2653277951637574,1,1
NA,Hull,Bournemouth,1.2068502100685068,0.805630367402385,0.4384928323566831,0.33098390686070717,0.2305232607826091,1.6464624039307565,1.0225536892085345,0,0
NA,Brighton,Bournemouth,1.6950463389387318,1.3450404963313387,0.4440369208099036,0.26423198770778855,0.2917310914823084,1.5963427501374994,1.1394252621547138,1,1
NA,Chelsea,Bournemouth,1.7117072490125556,1.3927844925324384,0.4379974844214882,0.26160199237456133,0.30040052320395016,1.575594445639026,1.1628035619864119,1,1
NA,Brentford,Bournemouth,1.6264186100765106,1.373137383420605,0.42133782846907963,0.2684526961189057,0.31020947541201466,1.5324661815261447,1.1990811223549498,1,1
NA,Liverpool,Bournemouth,1.8658613975964387,1.2964749928182773,0.4951031445767223,0.2514000845826041,0.25349677084067346,1.736709518312771,1.0118903971046245,1,1
NA,Everton,Bournemouth,1.25047473103865,1.2086375858623843,0.3577461963428058,0.3045897171529229,0.3376640865042718,1.3778283061813403,1.3175819766657382,1,1
NA,Ipswich,Bournemouth,1.1642964756191712,2.201611323571001,0.18127911138553973,0.2207052702501197,0.5980156183643405,0.7645426044067389,2.0147521253431413,1,1
NA,Nott'm Forest,Bournemouth,1.3949401150513328,1.2439966464132604,0.389382137370199,0.2914367390106454,0.3191811236191559,1.4595831511212423,1.248980109868113,1,1
NA,Man United,Bournemouth,1.6660083816229816,1.3755843127098504,0.4305268108503536,0.2654833911306464,0.3039897980190002,1.5570638236817074,1.177452785187647,1,1
NA,Sunderland,Bournemouth,1.1327732200773482,1.2535452311534139,0.3160329256361928,0.3092415439130458,0.3747255304507619,1.257340320821624,1.4334181352653315,1,1
NA,Crystal Palace,Bournemouth,1.2740789394399812,1.499050554256275,0.30791570080179603,0.28191070548166175,0.4101735937165422,1.2056578078870497,1.5124314866312885,1,1
NA,Tottenham,Bournemouth,1.2896119036904483,1.5507937227535604,0.3026876435954633,0.277241147295762,0.42007120910877566,1.1853040780821518,1.537454774622089,1,1
NA,Fulham,Bournemouth,1.2985195368875266,1.3755991639233494,0.3372214353775459,0.2898910167927126,0.3728875478297415,1.3015553229253503,1.408553660281937,1,1
NA,Aston Villa,Bournemouth,1.4713595340206769,1.338582077056698,0.3895369968098098,0.2810085925064081,0.329454410683782,1.4496195829358374,1.269371824557754,1,1
NA,Coventry,Bournemouth,0.5348828280454867,1.9474429625963132,0.08142305070002565,0.2175818666907038,0.7009950826092703,0.4618510187907807,2.3205671145185147,0,2
NA,Arsenal,Crystal Palace,2.054572863953466,0.6105414159266591,0.7019920409760133,0.20999980855249206,0.08800815047149503,2.3159759314805317,0.47402425996697717,2,0
NA,Man City,Crystal Palace,2.2022738938556388,0.7789660329662065,0.6879818474952183,0.20455442814920752,0.10746372435557444,2.2684999706348625,0.5269456012159308,2,0
NA,Leeds,Crystal Palace,1.6002978426499705,1.0460946977854475,0.48771639647239395,0.2789398104845356,0.23334379304306935,1.7420889999017175,0.9789711896137436,1,1
NA,Hull,Crystal Palace,1.340471089597493,0.6452065018551992,0.521488901820352,0.3136893741049087,0.16482172407473994,1.8781560795659649,0.8081545463291285,1,0
NA,Brighton,Crystal Palace,1.8827196564405981,1.07720476859591,0.5487978205199638,0.24988418124071757,0.20131799823931876,1.896277642800609,0.8538381759586738,1,1
NA,Chelsea,Crystal Palace,1.9012252407243981,1.1154415804390683,0.5441047056400462,0.2484018096475499,0.20749348471240311,1.8807159265676885,0.8708822637847592,1,1
NA,Brentford,Crystal Palace,1.8064935550428771,1.0997067682292374,0.5257242853774062,0.25766943809336135,0.21660627652923278,1.83484229422558,0.9074882676810596,1,1
NA,Liverpool,Crystal Palace,2.072447135367381,1.0383100348565,0.5999083214672263,0.22994278310494726,0.17014889542782635,2.0296677475066263,0.7403894693884263,1,1
NA,Ipswich,Crystal Palace,1.2932058612304154,1.7632080393222718,0.26837157883363844,0.2599921433731145,0.4716362777932476,1.0651068798740297,1.6749009767528573,1,1
NA,Nott'm Forest,Crystal Palace,1.5493860632795253,0.9962816162700705,0.48658058156078643,0.28498142659326925,0.2284379918459446,1.7447231712756286,0.970295402131103,1,1
NA,Newcastle,Crystal Palace,1.8028551231795067,1.1526830945852995,0.5125722386396004,0.2579948380082496,0.22943292335215046,1.7957115539270507,0.946293608064701,1,1
NA,Man United,Crystal Palace,1.8504666544043973,1.101666444466482,0.5355946671601742,0.25330777386786557,0.2110975589719598,1.860091775348388,0.886600450783745,1,1
NA,Sunderland,Crystal Palace,1.2581923919934923,1.0039288068516854,0.40503234699956786,0.3160590904397074,0.2789085625607242,1.531156131438411,1.15278477812188,1,1
NA,Bournemouth,Crystal Palace,1.767003913153281,1.080874086422056,0.5207329481402856,0.26160712482174253,0.2176599270379711,1.8238059692425992,0.9145869059356558,1,1
NA,Tottenham,Crystal Palace,1.4323960498790513,1.2419866894827087,0.39969735145427815,0.28859557377782497,0.3117070747678971,1.4876876281406595,1.2237167980815162,1,1
NA,Aston Villa,Crystal Palace,1.6342665405397723,1.0720324038535767,0.4901715758389889,0.2751405733939031,0.2346878507671088,1.7456553009108697,0.9792041256952294,1,1
NA,Coventry,Crystal Palace,0.5941043563943381,1.5596518109299529,0.12639969712356172,0.2778163024984851,0.5957840003779536,0.6570153938691703,2.065168303632346,0,1
NA,Arsenal,Tottenham,2.1254911592622174,0.6179848463872448,0.7135631853706421,0.2019431215016279,0.08449369312773011,2.342632677613554,0.4554242008848182,2,0
NA,Man City,Tottenham,2.2782904290174435,0.7884628162249507,0.6997980988335567,0.19691654094597222,0.10328536022047156,2.2963108374466423,0.5067726216073869,2,0
NA,Leeds,Tottenham,1.6555357935536086,1.0588481866316306,0.4986313304271438,0.2730813055814472,0.2282873639914096,1.7689752968628785,0.9579433975556759,1,1
NA,Hull,Tottenham,1.386740524112458,0.6530725525505281,0.5324315024192615,0.30649170122763525,0.16107679635310365,1.9037862084854198,0.7897220902869462,1,0
NA,Brighton,Tottenham,1.9477060440842684,1.0903375366239159,0.5604848794738171,0.2435385563736453,0.19597656415253786,1.9249931947950967,0.8314682488312589,1,1
NA,Chelsea,Tottenham,1.9668503910589055,1.1290405134848183,0.5557949677678926,0.2421636736074867,0.20204135862462064,1.9095485769111646,0.8482877494813487,1,1
NA,Liverpool,Tottenham,2.14398240215512,1.0509686167960275,0.6119385134131305,0.22316046321622496,0.16490102337064397,2.0589760034556166,0.7178635333281569,1,1
NA,Everton,Tottenham,1.4368676157511604,0.9797644990129983,0.4606835632668101,0.29767814179936736,0.2416382949338224,1.6797288315997978,1.0225930266008345,1,1
NA,Ipswich,Tottenham,1.3378438279683156,1.7847042328414642,0.27550787732076754,0.2574022498389239,0.4670898728403084,1.0839258818012265,1.6586718683598491,1,1
NA,Newcastle,Tottenham,1.8650848032593443,1.166736058452814,0.52395258435994,0.2520959087058289,0.22395150693423152,1.8239536617856489,0.9239504295085235,1,1
NA,Man United,Tottenham,1.9143397556988087,1.1150974376083658,0.5471776397517979,0.24711592092417556,0.20570643932402619,1.8886488401795694,0.8642352388962541,1,1
NA,Sunderland,Tottenham,1.3016217885245662,1.0161682292172223,0.4145380971066292,0.3109608072254417,0.274501095667929,1.5545750985453293,1.1344640942292288,1,1
NA,Bournemouth,Tottenham,1.8279961064812869,1.0940515890272164,0.532120410579034,0.25550663391303,0.21237295550793558,1.8518678656501322,0.8926255004368369,1,1
NA,Crystal Palace,Tottenham,1.4639902131179567,1.2151835525105745,0.4137734295261719,0.2872162307236082,0.29901033975022073,1.5285365193021239,1.1842472499742704,1,1
NA,Fulham,Tottenham,1.4920738697567595,1.1151094765288194,0.44351895840905353,0.2883204468789916,0.26816059471195486,1.6188773221061523,1.0928022310148562,1,1
NA,Aston Villa,Tottenham,1.690676998970628,1.085102112871543,0.5011527455940467,0.2693073215861662,0.22953993281978707,1.772765558368306,0.9579271200455274,1,1
NA,Coventry,Tottenham,0.6146112310494994,1.5786663437602337,0.12940822015872055,0.2758334378689057,0.5947583419723739,0.6640580983450673,2.0601084637860274,0,1
NA,Arsenal,Fulham,1.8853725151892475,0.6222534037084183,0.6643433200608246,0.23264779283278944,0.10300888710638605,2.225677753015263,0.5416744541519476,2,0
NA,Man City,Fulham,2.0209099142897395,0.7939089023973633,0.648298103773138,0.22600523289115257,0.12569666333570934,2.1708995442105663,0.6030952228982805,2,0
NA,Leeds,Fulham,1.4685084289700991,1.0661618840555727,0.4486136913215932,0.29207286613149763,0.2593134425469091,1.637913940096277,1.0700131937722248,1,1
NA,Hull,Fulham,1.2300792023845872,0.6575834683791991,0.4853230091046377,0.3313347027326919,0.1833422881626712,1.787303730046605,0.8813615672207056,1,0
NA,Brighton,Fulham,1.7276719440503827,1.0978687379174665,0.5072245847282517,0.2655254381563763,0.22724997711537104,1.7871991923411314,0.9472753695024894,1,1
NA,Chelsea,Fulham,1.744653536963597,1.136839044756113,0.502279780405185,0.26364011329022075,0.23408010630459414,1.7704794545057756,0.9658804322040032,1,1
NA,Brentford,Fulham,1.6577232948509804,1.1208023923704276,0.48463833774720383,0.2722106838669266,0.24315097838586966,1.7261256971085381,1.0016636190245356,1,1
NA,Everton,Fulham,1.2745433914874895,0.9865319480042429,0.41379847799563657,0.3151745772824227,0.2710269447219413,1.5565700112693324,1.1282554114482464,1,1
NA,Ipswich,Fulham,1.1867064098928388,1.797031577700744,0.23821104096112675,0.25837236196235946,0.50341659707651365,0.9730054848457397,1.7686221531919004,1,1
NA,Nott'm Forest,Fulham,1.4217893900844625,1.0153932404982753,0.44802496768743694,0.29837086306340366,0.25360416924915935,1.6424457661257144,1.0591833708108818,1,1
NA,Newcastle,Fulham,1.6543844989611196,1.1747949611480835,0.47142602567496267,0.27166268286579953,0.2569112914592379,1.6859407598906875,1.0423965572435132,1,1
NA,Man United,Fulham,1.6980750752129417,1.1227996609864168,0.49416704539964507,0.26826301380614226,0.23756994079421254,1.7507641500050775,0.9809728361887798,1,1
NA,Bournemouth,Fulham,1.6214857455483744,1.1016084440979914,0.4800078012847902,0.2760357471618236,0.24395645155338608,1.7160591510161942,1.0079051018219818,1,1
NA,Crystal Palace,Fulham,1.298601924684895,1.2235770927081415,0.3678114308766264,0.29999081299583963,0.3321977561275343,1.4034251056257188,1.2965840813784426,1,1
NA,Tottenham,Fulham,1.3144338615039626,1.265811662781615,0.36333184703967003,0.2961926390742874,0.3404755138860424,1.3861881801932974,1.3176191807324145,1,1
NA,Aston Villa,Fulham,1.4996797008689038,1.0925971519411843,0.45070777652144506,0.2882335957354361,0.261058627743119,1.6403569252997712,1.071409478964793,1,1
NA,Coventry,Fulham,0.5451780486113983,1.589570539581122,0.11183926837177154,0.2706012501252,0.6175594815030283,0.6061190552405146,2.123279694634285,0,1
NA,Arsenal,Aston Villa,1.8346375336618481,0.7050787085712528,0.6309697601408268,0.24434127510639433,0.12468896475277932,2.1372505555288748,0.6184081693647323,2,0
NA,Man City,Aston Villa,1.9665276495945654,0.8995824856714731,0.6104131674879628,0.23686317748190142,0.1527236550301363,2.0681026799457896,0.6950341425723103,1,1
NA,Leeds,Aston Villa,1.428991173140606,1.2080738166440774,0.4061117881366796,0.290440111833366,0.3034481000299546,1.5087754762434047,1.2007844119232298,1,1
NA,Chelsea,Aston Villa,1.6977052738185414,1.2881584909829116,0.4569184202387236,0.2654939343532161,0.2775876454080604,1.636249195069387,1.0982568705773974,1,1
NA,Brentford,Aston Villa,1.613114306407462,1.2699872731373865,0.439988450483362,0.27291802987209524,0.28709351964454294,1.5928833813221812,1.134198588805724,1,1
NA,Liverpool,Aston Villa,1.8505984225639467,1.1990837629942788,0.5132239376037804,0.25339505661093475,0.23338100578528492,1.793066869422276,0.9535380739667895,1,1
NA,Everton,Aston Villa,1.2402456944000277,1.117844703970566,0.37423517725143685,0.31131679467542334,0.3144480280731393,1.434022326429734,1.2546608788948412,1,1
NA,Ipswich,Aston Villa,1.154772387677438,2.036226232778837,0.19889826749297154,0.2358910584510143,0.5652106740560142,0.8325858609299289,1.931523080619057,1,1
NA,Nott'm Forest,Aston Villa,1.3835293338565042,1.150547591119296,0.40658654348252526,0.296963936018089,0.29644952049938583,1.5167235664656649,1.1863124975162465,1,1
NA,Newcastle,Aston Villa,1.6098653568192904,1.3311665458248734,0.4260585176673899,0.271175209563402,0.30276627276920853,1.5493507625655716,1.1794740278710276,1,1
NA,Man United,Aston Villa,1.6523802287680107,1.2722503890448913,0.44925624083762145,0.2696243571758269,0.2811194019865513,1.617393079688691,1.1129825631354806,1,1
NA,Sunderland,Aston Villa,1.1235069962314677,1.159378885964871,0.3322239439106343,0.3177754930855603,0.35000056300380583,1.3144473248174633,1.3677771820969777,1,1
NA,Bournemouth,Aston Villa,1.5778519020057467,1.2482385061886496,0.43586015383225835,0.2765071828400854,0.28763266332765625,1.5840876443368603,1.139405172823054,1,1
NA,Crystal Palace,Aston Villa,1.263656817482184,1.3864418438252295,0.3259678950653828,0.29104605303680664,0.38298605189781015,1.268949738232955,1.4400042087302372,1,1
NA,Tottenham,Aston Villa,1.2790627201803617,1.4342980643729932,0.32101482877824294,0.28665237217043643,0.39233279905132057,1.2496968585051653,1.463650769324398,1,1
NA,Fulham,Aston Villa,1.2878974878455947,1.2722641246349073,0.35486712092779765,0.29764043048396316,0.34749244858823947,1.3622417932673563,1.3401177762486816,1,1
NA,Coventry,Aston Villa,0.5305074209223835,1.8011510046411083,0.09097339106325368,0.23759145014445218,0.6714351587922939,0.5105116233342132,2.2518969265213338,0,1
NA,Leeds,Coventry,2.078975097189389,0.43917066127850185,0.7518489263657602,0.1910278927143057,0.05712318091993417,2.4465746718115864,0.3623974354741082,2,0
NA,Hull,Coventry,1.7414295886075666,0.27087009109289323,0.735917438264866,0.22018213765053488,0.04390042408459881,2.427934452445133,0.3518834099043313,1,0
NA,Brighton,Coventry,2.4458742469136068,0.4522312669762224,0.806481019667617,0.15028632486617488,0.04323265546620828,2.5697293838690256,0.27998429126479973,2,0
NA,Chelsea,Coventry,2.469915177207715,0.4682838155436615,0.806097960911037,0.1495462443924246,0.04435579469653881,2.5678401271255353,0.282613628482041,2,0
NA,Brentford,Coventry,2.3468475767912014,0.46167803893671255,0.7898845828199611,0.16177123188019202,0.04834418529984735,2.5314249803400752,0.30680378777973405,2,0
NA,Liverpool,Coventry,2.692352554531735,0.43590251015071807,0.8415809157860993,0.12512332074767307,0.033295763466228284,2.649866068105971,0.22501061114635793,2,0
NA,Everton,Coventry,1.8043777746976417,0.40636970281598334,0.7079660286666144,0.22588000366142255,0.06615396767196308,2.3497780896612657,0.42434190667731175,1,0
NA,Ipswich,Coventry,1.6800264984331732,0.7402286258022414,0.5852817966731338,0.2663244006645551,0.14839380266231098,2.0221697906839564,0.711505808651488,1,0
NA,Nott'm Forest,Coventry,2.0128347084168308,0.4182581721933934,0.7455907321300128,0.19742047997933027,0.056988787890657464,2.434192676369369,0.36838684365130264,2,0
NA,Newcastle,Coventry,2.342120825910727,0.4839185190071595,0.7837711319775393,0.16462259413702013,0.051606273885440694,2.515935990069638,0.3194414157933422,2,0
NA,Man United,Coventry,2.4039738042236225,0.46250074868834823,0.7981075935172389,0.15574006533479218,0.046152341147969546,2.550062845886509,0.2941970887787008,2,0
NA,Sunderland,Coventry,1.6345398842106407,0.4214686097873896,0.6654940774720837,0.2543325552695638,0.0801733672583527,2.250814787685815,0.4948526570446219,1,0
NA,Bournemouth,Coventry,2.2955458878821866,0.45377171712816466,0.7840020180636281,0.16660168530286162,0.049396296633510056,2.518607739493746,0.3147905752033918,2,0
NA,Crystal Palace,Coventry,1.8384375665283148,0.5040127291793635,0.6870041327189165,0.2300436304263506,0.08295223685473276,2.2910560285830996,0.4789003409905489,1,0
NA,Tottenham,Coventry,1.8608509226506222,0.5214098846633178,0.6868618821184818,0.22833579388712372,0.08480232399439377,2.288921440242569,0.482742765870305,1,0
NA,Fulham,Coventry,1.8737042294524453,0.46250574198268773,0.7061493351093397,0.2212268252466299,0.07262383964403005,2.339674830574649,0.43909834417872007,1,0
NA,Aston Villa,Coventry,2.123104430563923,0.45005980883856717,0.7566932803752975,0.1866169252147438,0.05668979440995846,2.4566967663406363,0.3566863084446191,2,0
